Workbook

Sheet WBS
A1: Mã WBS | B1: Tên công việc / Hoạt động | C1: Sản phẩm bàn giao | D1: Phụ trách | E1: Bắt đầu | F1: Kết thúc
A2: 1 | B2: Quản lý dự án | C2: Hồ sơ quản lý dự án | D2: PM | E2: =MIN(E3,E7,E11,E14) -> 46195 | F2: =MAX(F3,F7,F11,F14) -> 46325
A3: 1.1 | B3: Khởi động dự án | C3: Project Charter, biên bản kick-off | D3: PM | E3: =MIN(E4,E5,E6) -> 46195 | F3: =MAX(F4,F5,F6) -> 46198
A4: 1.1.1 | B4: Lập Điều lệ dự án (Project Charter) | C4: Project Charter | D4: PM | E4: 46195 | F4: 46196
A5: 1.1.2 | B5: Lập ma trận RACI | C5: RACI | D5: PM | E5: 46196 | F5: 46196
A6: 1.1.3 | B6: Tổ chức họp khởi động (Kick-off) | C6: Biên bản kick-off | D6: PM | E6: 46198 | F6: 46198
A7: 1.2 | B7: Lập kế hoạch dự án | C7: WBS, Master Plan Master Schedule; Cost Baseline Quality Plan; Change Management Plan | D7: PM | E7: =MIN(E8,E9,E10) -> 46195 | F7: =MAX(F8,F9,F10) -> 46209
A8: 1.2.1 | B8: Lập WBS, Master Plan | C8: WBS, Master Plan | D8: PM | E8: 46195 | F8: 46203
A9: 1.2.2 | B9: Lập đường cơ sở tiến độ & chi phí | C9: Master Schedule; Cost Baseline | D9: PM | E9: 46199 | F9: 46209
A10: 1.2.3 | B10: Kế hoạch chất lượng & quản lý thay đổi | C10: Quality Plan; Change Management Plan | D10: PM | E10: 46204 | F10: 46209
A11: 1.3 | B11: Giám sát & kiểm soát (LOE) | C11: Báo cáo, quyết định kiểm soát | D11: PM | E11: =MIN(E12,E13) -> 46322 | F11: =MAX(F12,F13) -> 46325
A12: 1.3.1 | B12: Báo cáo tiến độ tuần & họp tiến độ | C12: Weekly Report | D12: PM | E12: 46322 | F12: 46325
A13: 1.3.2 | B13: Quản lý rủi ro & vấn đề | C13: Risk/Issue Log | D13: PM | E13: 46324 | F13: 46325
A14: 1.4 | B14: Kết thúc dự án | C14: Hồ sơ nghiệm thu, bài học kinh nghiệm, Báo cáo tổng kết dự án, Báo cáo đánh giá dự án | D14: PM | E14: =MIN(E15,E16) -> 46322 | F14: =MAX(F15,F16) -> 46325
A15: 1.4.1 | B15: Nghiệm thu tổng thể & bàn giao hồ sơ | C15: Biên bản nghiệm thu tổng thể, Báo cáo đánh giá dự án | D15: PM | E15: 46322 | F15: 46325
A16: 1.4.2 | B16: Bài học kinh nghiệm & đóng hồ sơ dự án | C16: Báo cáo bài học kinh nghiệm, Báo cáo tổng kết dự án | D16: PM | E16: 46324 | F16: 46325
A17: 2 | B17: Phân tích hệ thống (System Analysis) | C17: SRS | D17: BA | E17: =MIN(E18,E22,E27,E28,E29) -> 46195 | F17: =MAX(F18,F22,F27,F28,F29) -> 46213
A18: 2.1 | B18: Khảo sát hiện trạng (AS-IS) | C18: Báo cáo khảo sát hiện trạng | D18: BA | E18: =MIN(E19,E20,E21) -> 46195 | F18: =MAX(F19,F20,F21) -> 46204
A19: 2.1.1 | B19: Họp phân tích yêu cầu với nghiệp vụ và các bên liên quan | C19: Biên bản workshop | D19: BA | E19: 46195 | F19: 46198
A20: 2.1.2 | B20: Khảo sát hệ thống | C20: Báo cáo khảo sát hệ thống cũ | D20: BA | E20: 46196 | F20: 46199
A21: 2.1.3 | B21: Lập báo cáo hiện trạng (AS-IS) | C21: Báo cáo AS-IS | D21: BA | E21: 46203 | F21: 46204
A22: 2.2 | B22: Đặc tả yêu cầu chức năng (SRS) | C22: SRS – Specification | D22: BA | E22: =MIN(E23,E24,E25,E26,E27,E28,E29) -> 46199 | F22: =MAX(F23,F24,F25,F26,F27,F28,F29) -> 46213
A23: 2.2.1 | B23: SRS – Quản lý sản phẩm (tìm kiếm, danh mục, chi tiết, tồn kho) | C23: SRS Quản lý sản phẩm | D23: BA | E23: 46199 | F23: 46206
A24: 2.2.2 | B24: SRS – Quản lý đơn hàng (giỏ hàng, đặt hàng, thanh toán, hủy đơn) | C24: SRS Quản lý đơn hàng | D24: BA | E24: 46203 | F24: 46211
A25: 2.2.3 | B25: SRS – Quản lý khách hàng (đăng ký, đăng nhập, hồ sơ, dữ liệu cá nhân) | C25: SRS Quản lý khách hàng | D25: BA | E25: 46199 | F25: 46206
A26: 2.2.5 | B26: SRS – Tích hợp hệ thống (Main System, chi nhánh, vận chuyển) | C26: SRS Tích hợp | D26: BA | E26: 46205 | F26: 46212
A27: 2.3 | B27: Đặc tả yêu cầu phi chức năng (24/7, ≤ 2 giây, bảo mật, dữ liệu cá nhân) | C27: NFR Specification | D27: SA | E27: 46205 | F27: 46210
A28: 2.4 | B28: Thiết kế quy trình nghiệp vụ | C28: SRS Quy trình nghiệp vụ | D28: BA | E28: 46205 | F28: 46212
A29: 46144 | B29: Rà soát & phê duyệt SRS | C29: SRS được ký duyệt | D29: PM | E29: 46213 | F29: 46213
A30: 3 | B30: Thiết kế hệ thống | C30: Tài liệu thiết kế hệ thống SDD | D30: SA | E30: =MIN(E31,E36,E39,E46,E50,E55) -> 46206 | F30: =MAX(F31,F36,F39,F46,F50,F55) -> 46234
A31: 3.1 | B31: Thiết kế kiến trúc & hạ tầng (HLD) | C31: Tài liệu kiến trúc hệ thống | D31: SA | E31: =MIN(E32,E33,E34,E35) -> 46210 | F31: =MAX(F32,F33,F34,F35) -> 46219
A32: 3.1.1 | B32: Thiết kế kiến trúc ứng dụng & phương án sẵn sàng 24/7 | C32: Sơ đồ kiến trúc, phương án HA | D32: SA | E32: 46210 | F32: 46213
A33: 3.1.2 | B33: Tính toán quy mô hạ tầng & phương án mở rộng | C33: Sizing & scaling plan | D33: SA | E33: 46217 | F33: 46219
A34: 3.1.3 | B34: Thiết kế an toàn thông tin & bảo vệ dữ liệu cá nhân | C34: Security Design | D34: SA | E34: 46213 | F34: 46218
A35: 3.1.4 | B35: Thiết kế giám sát, sao lưu & phục hồi | C35: Monitoring & Backup Design | D35: OPS | E35: 46217 | F35: 46219
A36: 3.2 | B36: Thiết kế cơ sở dữ liệu | C36: Data Model Design, Data Dictionary | D36: SA | E36: =MIN(E37,E38) -> 46212 | F36: =MAX(F37,F38) -> 46223
A37: 3.2.1 | B37: Mô hình dữ liệu logic & vật lý (ERD) | C37: ERD | D37: SA | E37: 46212 | F37: 46217
A38: 3.2.2 | B38: Từ điển dữ liệu, chỉ mục & phân quyền truy cập | C38: Data Dictionary | D38: DEV | E38: 46218 | F38: 46223
A39: 3.3 | B39: Thiết kế UI/UX | C39: Menu Layer, wireframe, mockup | D39: UX | E39: =MIN(E40,E41,E42,E43,E44,E45) -> 46206 | F39: =MAX(F40,F41,F42,F43,F44,F45) -> 46224
A40: 3.3.1 | B40: Sơ đồ trang & Menu Layer | C40: Menu Layer / Sitemap | D40: UX | E40: 46206 | F40: 46209
A41: 3.3.2 | B41: Wireframe luồng mua hàng | C41: Wireframe | D41: UX | E41: 46210 | F41: 46213
A42: 3.3.3 | B42: Mockup màn hình Quản lý sản phẩm | C42: UI Mockup sản phẩm | D42: UX | E42: 46216 | F42: 46219
A43: 3.3.4 | B43: Mockup màn hình Đơn hàng & Thanh toán | C43: UI Mockup đơn hàng | D43: UX | E43: 46217 | F43: 46223
A44: 3.3.5 | B44: Mockup màn hình Quản lý khách hàng | C44: UI Mockup khách hàng | D44: UX | E44: 46218 | F44: 46223
A45: 3.3.6 | B45: Kiểm tra, duyệt thiết kế mockup | C45: Biên bản duyệt mockup | D45: UX | E45: 46224 | F45: 46224
A46: 3.4 | B46: Thiết kế tích hợp hệ thống | C46: Tài liệu kiến trúc tích hợp, Tài liệu đặc tả API | D46: SA | E46: =MIN(E47:E49) -> 46213 | F46: =MAX(F47:F49) -> 46224
A47: 3.4.1 | B47: Xác định mô hình tích hợp (API Gateway, ESB, Point-to-Point...), phương thức tích hợp (REST/GraphQL cho đồng bộ, Kafka/RabbitMQ cho bất đồng bộ) | C47: Biên bản thống nhất phương thức, tài liệu kiến trúc tích hợp | D47: SA | E47: 46213 | F47: 46218
A48: 3.4.3 | B48: Lập danh sách các API/Web Service | C48: Danh sách API/Web Service | D48: SA | E48: 46217 | F48: 46220
A49: 3.4.4 | B49: Đặc tả thiết kế API cho các phân hệ sản phẩm, đơn hàng, khách hàng | C49: Tài liệu đặc tả API | D49: SA | E49: 46218 | F49: 46224
A50: 3.5 | B50: Thiết kế chi tiết (LLD) | C50: Detail Design theo module | D50: DEV | E50: =MIN(E51,E52,E53,E54) -> 46218 | F50: =MAX(F51,F52,F53,F54) -> 46230
A51: 3.5.1 | B51: LLD – Quản lý sản phẩm | C51: LLD sản phẩm | D51: DEV | E51: 46218 | F51: 46225
A52: 3.5.2 | B52: LLD – Quản lý đơn hàng & thanh toán | C52: LLD đơn hàng | D52: DEV | E52: 46218 | F52: 46230
A53: 3.5.3 | B53: LLD – Quản lý khách hàng | C53: LLD khách hàng | D53: DEV | E53: 46218 | F53: 46225
A54: 3.5.5 | B54: LLD – Tích hợp hệ thống | C54: LLD tích hợp | D54: DEV | E54: 46224 | F54: 46226
A55: 3.6 | B55: Rà soát & phê duyệt thiết kế | C55: Biên bản duyệt thiết kế (M2) | D55: SA | E55: =MIN(E56:E57) -> 46224 | F55: =MAX(F56:F57) -> 46234
A56: 3.6.1 | B56: Rà soát thiết kế | C56: Biên bản rà soát | D56: SA | E56: 46224 | F56: 46232
A57: 3.6.2 | B57: Phê duyệt bộ tài liệu thiết kế (M2) | C57: Tài liệu thiết kế ký duyệt | D57: PM | E57: 46234 | F57: 46234
A58: 4 | B58: Xây dựng, Phát triển hệ thống | C58: Mã nguồn, cấu hình, bản build | D58: DEV | E58: =MIN(E59,E68,E91,E108,E134,E156) -> 46237 | F58: =MAX(F59,F68,F91,F108,F134,F156) -> 46276
A59: 4.1 | B59: Môi trường & khung ứng dụng | C59: Môi trường, CI/CD, thành phần dùng chung | D59: OPS | E59: =MIN(E60,E61,E62,E63,E64,E65,E66,E67) -> 46237 | F59: =MAX(F60,F61,F62,F63,F64,F65,F66,F67) -> 46252
A60: 4.1.1 | B60: Thiết lập môi trường DEV & SIT | C60: Môi trường DEV/SIT | D60: OPS | E60: 46237 | F60: 46239
A61: 4.1.2 | B61: Thiết lập môi trường UAT | C61: Môi trường UAT | D61: OPS | E61: 46240 | F61: 46241
A62: 4.1.3 | B62: Thiết lập môi trường PROD (cân bằng tải, CDN, WAF) | C62: Môi trường PROD | D62: OPS | E62: 46246 | F62: 46251
A63: 4.1.4 | B63: Thiết lập pipeline CI/CD | C63: Pipeline CI/CD | D63: OPS | E63: 46239 | F63: 46244
A64: 4.1.5 | B64: Cấu hình giám sát, cảnh báo & sao lưu | C64: Hệ thống giám sát, lịch sao lưu | D64: OPS | E64: 46246 | F64: 46251
A65: 4.1.6 | B65: Xây dựng khung ứng dụng & thư viện dùng chung Front-end | C65: Khung FE | D65: DEV | E65: 46245 | F65: 46248
A66: 4.1.7 | B66: Xây dựng thành phần dùng chung Back-end (log, cấu hình, xử lý lỗi, bảo mật) | C66: Khung BE | D66: DEV | E66: 46245 | F66: 46248
A67: 4.1.8 | B67: Hiện thực DB (DDL, chỉ mục, phân quyền) | C67: Script CSDL | D67: DEV | E67: 46247 | F67: 46252
A68: 4.2 | B68: Chức năng Quản lý khách hàng | C68: Module quản lý khách hàng | D68: DEV | E68: =MIN(E69,E74,E79,E83,E87) -> 46248 | F68: =MAX(F69,F74,F79,F83,F87) -> 46254
A69: 4.2.1 | B69: Đăng ký tài khoản | C69: Chức năng đăng ký | D69: DEV | E69: =MIN(E70,E71,E72,E73) -> 46248 | F69: =MAX(F70,F71,F72,F73) -> 46253
A70: 4.2.1.1 | B70: Xây dựng UI đăng ký tài khoản | D70: DEV | E70: 46248 | F70: 46253
A71: 4.2.1.2 | B71: Xây dựng API đăng ký & xác thực OTP | D71: DEV | E71: 46248 | F71: 46248
A72: 4.2.1.3 | B72: Tích hợp UI – API đăng ký | D72: DEV | E72: 46252 | F72: 46252
A73: 4.2.1.4 | B73: Kiểm thử đơn vị chức năng đăng ký | D73: DEV | E73: 46253 | F73: 46253
A74: 4.2.2 | B74: Đăng nhập & quản lý phiên | C74: Chức năng đăng nhập | D74: DEV | E74: =MIN(E75,E76,E77,E78) -> 46248 | F74: =MAX(F75,F76,F77,F78) -> 46253
A75: 4.2.2.1 | B75: Xây dựng UI đăng nhập / đăng xuất | D75: DEV | E75: 46248 | F75: 46248
A76: 4.2.2.2 | B76: Xây dựng API đăng nhập, refresh token | D76: DEV | E76: 46248 | F76: 46248
A77: 4.2.2.3 | B77: Xử lý ngoại lệ 401/403 & khóa tài khoản khi đăng nhập sai nhiều lần | D77: DEV | E77: 46252 | F77: 46252
A78: 4.2.2.4 | B78: Tích hợp & kiểm thử đơn vị chức năng đăng nhập | D78: DEV | E78: 46253 | F78: 46253
A79: 4.2.3 | B79: Quên mật khẩu & đổi mật khẩu | C79: Chức năng khôi phục mật khẩu | D79: DEV | E79: =MIN(E80,E81,E82) -> 46248 | F79: =MAX(F80,F81,F82) -> 46252
A80: 4.2.3.1 | B80: Xây dựng UI quên/đổi mật khẩu | D80: DEV | E80: 46248 | F80: 46248
A81: 4.2.3.2 | B81: Xây dựng API đặt lại mật khẩu (token hết hạn) | D81: DEV | E81: 46251 | F81: 46251
A82: 4.2.3.3 | B82: Tích hợp & kiểm thử đơn vị | D82: DEV | E82: 46252 | F82: 46252
A83: 4.2.4 | B83: Hồ sơ cá nhân & sổ địa chỉ giao hàng | C83: Chức năng hồ sơ khách hàng | D83: DEV | E83: =MIN(E84,E85,E86) -> 46248 | F83: =MAX(F84,F85,F86) -> 46253
A84: 4.2.4.1 | B84: Xây dựng UI hồ sơ cá nhân & sổ địa chỉ | D84: DEV | E84: 46248 | F84: 46248
A85: 4.2.4.2 | B85: Xây dựng API cập nhật hồ sơ & địa chỉ giao hàng | D85: DEV | E85: 46252 | F85: 46252
A86: 4.2.4.3 | B86: Tích hợp & kiểm thử đơn vị | D86: DEV | E86: 46253 | F86: 46253
A87: 4.2.5 | B87: Lịch sử đơn hàng của thành viên | C87: Chức năng lịch sử đơn hàng | D87: DEV | E87: =MIN(E88,E89,E90) -> 46252 | F87: =MAX(F88,F89,F90) -> 46254
A88: 4.2.5.1 | B88: Xây dựng UI lịch sử đơn hàng | D88: DEV | E88: 46252 | F88: 46252
A89: 4.2.5.2 | B89: Xây dựng API truy vấn lịch sử đơn hàng | D89: DEV | E89: 46253 | F89: 46253
A90: 4.2.5.3 | B90: Tích hợp & kiểm thử đơn vị | D90: DEV | E90: 46254 | F90: 46254
A91: 4.3 | B91: Chức năng Quản lý sản phẩm | C91: Module quản lý sản phẩm | D91: DEV | E91: =MIN(E92,E97,E101,E105) -> 46248 | F91: =MAX(F92,F97,F101,F105) -> 46254
A92: 4.3.1 | B92: Tìm kiếm sản phẩm | C92: Chức năng tìm kiếm | D92: DEV | E92: =MIN(E93,E94,E95,E96) -> 46248 | F92: =MAX(F93,F94,F95,F96) -> 46254
A93: 4.3.1.1 | B93: Xây dựng UI tìm kiếm & gợi ý từ khóa | D93: DEV | E93: 46248 | F93: 46251
A94: 4.3.1.2 | B94: Xây dựng API tìm kiếm | D94: DEV | E94: 46248 | F94: 46251
A95: 4.3.1.3 | B95: Tích hợp API tìm kiếm | D95: DEV | E95: 46253 | F95: 46253
A96: 4.3.1.4 | B96: Kiểm thử đơn vị chức năng tìm kiếm | D96: DEV | E96: 46254 | F96: 46254
A97: 4.3.2 | B97: Danh mục & bộ lọc sản phẩm | C97: Chức năng danh mục | D97: DEV | E97: =MIN(E98,E99,E100) -> 46248 | F97: =MAX(F98,F99,F100) -> 46253
A98: 4.3.2.1 | B98: Xây dựng UI danh mục, bộ lọc (size, màu, giá), sắp xếp | D98: DEV | E98: 46248 | F98: 46248
A99: 4.3.2.2 | B99: Xây dựng API danh mục & lọc sản phẩm | D99: DEV | E99: 46252 | F99: 46253
A100: 4.3.2.3 | B100: Tích hợp & kiểm thử đơn vị | D100: DEV | E100: 46253 | F100: 46253
...

Sheet Gantt
A1: BIỂU ĐỒ GANTT THEO TUẦN (liên kết sheet WBS)
A2: Thanh tự vẽ theo ngày trong sheet WBS. Xanh đậm = giai đoạn (cấp 1), xanh nhạt = công việc. Cột cam = tuần Cut-over 01/07. Dùng +/− để thu gọn theo cấp.
A4: Mã WBS | B4: Tên công việc | C4: Bắt đầu | D4: Kết thúc | E4: Phụ trách | F4: 46461 | G4: 46468 | H4: 46475 | I4: 46482 | J4: 46489 | K4: 46496 | L4: 46503 | M4: 46510 | N4: 46517 | O4: 46524 | P4: 46531 | Q4: 46538 | R4: 46545 | S4: 46552 | T4: 46559 | U4: 46566 | V4: 46573 | W4: 46580 | X4: 46587 | Y4: 46594 | Z4: 46601
A5: =WBS!A2 -> 1 | B5: =WBS!B2 -> Quản lý dự án | C5: =WBS!E2 -> 46195 | D5: =WBS!F2 -> 46325 | E5: =WBS!D2 -> PM
A6: =WBS!A3 -> 1.1 | B6: =WBS!B3 -> Khởi động dự án | C6: =WBS!E3 -> 46195 | D6: =WBS!F3 -> 46198 | E6: =WBS!D3 -> PM
A7: =WBS!A4 -> 1.1.1 | B7: =WBS!B4 -> Lập Điều lệ dự án (Project Charter) | C7: =WBS!E4 -> 46195 | D7: =WBS!F4 -> 46196 | E7: =WBS!D4 -> PM
A8: =WBS!A5 -> 1.1.2 | B8: =WBS!B5 -> Lập ma trận RACI | C8: =WBS!E5 -> 46196 | D8: =WBS!F5 -> 46196 | E8: =WBS!D5 -> PM
A9: =WBS!A6 -> 1.1.3 | B9: =WBS!B6 -> Tổ chức họp khởi động (Kick-off) | C9: =WBS!E6 -> 46198 | D9: =WBS!F6 -> 46198 | E9: =WBS!D6 -> PM
A10: =WBS!A7 -> 1.2 | B10: =WBS!B7 -> Lập kế hoạch dự án | C10: =WBS!E7 -> 46195 | D10: =WBS!F7 -> 46209 | E10: =WBS!D7 -> PM
A11: =WBS!A8 -> 1.2.1 | B11: =WBS!B8 -> Lập WBS, Master Plan | C11: =WBS!E8 -> 46195 | D11: =WBS!F8 -> 46203 | E11: =WBS!D8 -> PM
A12: =WBS!A9 -> 1.2.2 | B12: =WBS!B9 -> Lập đường cơ sở tiến độ & chi phí | C12: =WBS!E9 -> 46199 | D12: =WBS!F9 -> 46209 | E12: =WBS!D9 -> PM
A13: =WBS!A10 -> 1.2.3 | B13: =WBS!B10 -> Kế hoạch chất lượng & quản lý thay đổi | C13: =WBS!E10 -> 46204 | D13: =WBS!F10 -> 46209 | E13: =WBS!D10 -> PM
A14: =WBS!A11 -> 1.3 | B14: =WBS!B11 -> Giám sát & kiểm soát (LOE) | C14: =WBS!E11 -> 46322 | D14: =WBS!F11 -> 46325 | E14: =WBS!D11 -> PM
A15: =WBS!A12 -> 1.3.1 | B15: =WBS!B12 -> Báo cáo tiến độ tuần & họp tiến độ | C15: =WBS!E12 -> 46322 | D15: =WBS!F12 -> 46325 | E15: =WBS!D12 -> PM
A16: =WBS!A13 -> 1.3.2 | B16: =WBS!B13 -> Quản lý rủi ro & vấn đề | C16: =WBS!E13 -> 46324 | D16: =WBS!F13 -> 46325 | E16: =WBS!D13 -> PM
... A23: =WBS!A20 -> 2.1.2 | B23: =WBS!B20 -> Khảo sát hệ thống | C23: =WBS!E20 -> 46196 | D23: =WBS!F20 -> 46199 | E23: =WBS!D20 -> BA
A24: =WBS!#REF! -> #ERROR! | B24: =WBS!#REF! -> #ERROR! | C24: =WBS!#REF! -> #ERROR! | D24: =WBS!#REF! -> #ERROR! | E24: =WBS!#REF! -> #ERROR!
A25: =WBS!A21 -> 2.1.3 | B25: =WBS!B21 -> Lập báo cáo hiện trạng (AS-IS) | C25: =WBS!E21 -> 46203 | D25: =WBS!F21 -> 46204 | E25: =WBS!D21 -> BA
A26: =WBS!A22 -> 2.2 | B26: =WBS!B22 -> Đặc tả yêu cầu chức năng (SRS) | C26: =WBS!E22 -> 46199 | D26: =WBS!F22 -> 46213 | E26: =WBS!D22 -> BA
A27: =WBS!A23 -> 2.2.1 | B27: =Gantt -> #NAME? | C27: =WBS!E23 -> 46199 | D27: =WBS!F23 -> 46206 | E27: =WBS!D23 -> BA
A28: =WBS!A24 -> 2.2.2 | B28: =WBS!B24 -> SRS – Quản lý đơn hàng (giỏ hàng, đặt hàng, thanh toán, hủy đơn) | C28: =WBS!E24 -> 46203 | D28: =WBS!F24 -> 46211 | E28: =WBS!D24 -> BA
A29: =WBS!A25 -> 2.2.3 | B29: =WBS!B25 -> SRS – Quản lý khách hàng (đăng ký, đăng nhập, hồ sơ, dữ liệu cá nhân) | C29: =WBS!E25 -> 46199 | D29: =WBS!F25 -> 46206 | E29: =WBS!D25 -> BA
A30: =#REF! -> #REF! | B30: =#REF! -> #REF! | C30: =#REF! -> #REF! | D30: =#REF! -> #REF! | E30: =#REF! -> #REF!
A31: =WBS!A26 -> 2.2.5 | B31: =WBS!B26 -> SRS – Tích hợp hệ thống (Main System, chi nhánh, vận chuyển) | C31: =WBS!E26 -> 46205 | D31: =WBS!F26 -> 46212 | E31: =WBS!D26 -> BA
A32: =WBS!A27 -> 2.3 | B32: =WBS!B27 -> Đặc tả yêu cầu phi chức năng (24/7, ≤ 2 giây, bảo mật, dữ liệu cá nhân) | C32: =WBS!E27 -> 46205 | D32: =WBS!F27 -> 46210 | E32: =WBS!D27 -> SA
A33: =WBS!A28 -> 2.4 | B33: =WBS!B28 -> Thiết kế quy trình nghiệp vụ | C33: =WBS!E28 -> 46205 | D33: =WBS!F28 -> 46212 | E33: =WBS!D28 -> BA
A34: =WBS!#REF! -> #ERROR! | B34: =WBS!#REF! -> #ERROR! | C34: =WBS!#REF! -> #ERROR! | D34: =WBS!#REF! -> #ERROR! | E34: =WBS!#REF! -> #ERROR!
A35: =WBS!A29 -> 46144 | B35: =WBS!B29 -> Rà soát & phê duyệt SRS | C35: =WBS!E29 -> 46213 | D35: =WBS!F29 -> 46213 | E35: =WBS!D29 -> PM
A36: =WBS!A30 -> 3 | B36: =WBS!B30 -> Thiết kế hệ thống | C36: =WBS!E30 -> 46206 | D36: =WBS!F30 -> 46234 | E36: =WBS!D30 -> SA
A37: =WBS!A31 -> 3.1 | B37: =WBS!B31 -> Thiết kế kiến trúc & hạ tầng (HLD) | C37: =WBS!E31 -> 46210 | D37: =WBS!F31 -> 46219 | E37: =WBS!D31 -> SA
A38: =WBS!A32 -> 3.1.1 | B38: =WBS!B32 -> Thiết kế kiến trúc ứng dụng & phương án sẵn sàng 24/7 | C38: =WBS!E32 -> 46210 | D38: =WBS!F32 -> 46213 | E38: =WBS!D32 -> SA
A39: =WBS!A33 -> 3.1.2 | B39: =WBS!B33 -> Tính toán quy mô hạ tầng & phương án mở rộng | C39: =WBS!E33 -> 46217 | D39: =WBS!F33 -> 46219 | E39: =WBS!D33 -> SA
A40: =WBS!A34 -> 3.1.3 | B40: =WBS!B34 -> Thiết kế an toàn thông tin & bảo vệ dữ liệu cá nhân | C40: =WBS!E34 -> 46213 | D40: =WBS!F34 -> 46218 | E40: =WBS!D34 -> SA
A41: =WBS!A35 -> 3.1.4 | B41: =WBS!B35 -> Thiết kế giám sát, sao lưu & phục hồi | C41: =WBS!E35 -> 46217 | D41: =WBS!F35 -> 46219 | E41: =WBS!D35 -> OPS
A42: =WBS!A36 -> 3.2 | B42: =WBS!B36 -> Thiết kế cơ sở dữ liệu | C42: =WBS!E36 -> 46212 | D42: =WBS!F36 -> 46223 | E42: =WBS!D36 -> SA
A43: =WBS!A37 -> 3.2.1 | B43: =WBS!B37 -> Mô hình dữ liệu logic & vật lý (ERD) | C43: =WBS!E37 -> 46212 | D43: =WBS!F37 -> 46217 | E43: =WBS!D37 -> SA
A44: =WBS!A38 -> 3.2.2 | B44: =WBS!B38 -> Từ điển dữ liệu, chỉ mục & phân quyền truy cập | C44: =WBS!E38 -> 46218 | D44: =WBS!F38 -> 46223 | E44: =WBS!D38 -> DEV
A45: =WBS!A39 -> 3.3 | B45: =WBS!B39 -> Thiết kế UI/UX | C45: =WBS!E39 -> 46206 | D45: =WBS!F39 -> 46224 | E45: =WBS!D39 -> UX
A46: =WBS!A40 -> 3.3.1 | B46: =WBS!B40 -> Sơ đồ trang & Menu Layer | C46: =WBS!E40 -> 46206 | D46: =WBS!F40 -> 46209 | E46: =WBS!D40 -> UX
... A55: =WBS!A49 -> 3.4.4 | B55: =WBS!B49 -> Đặc tả thiết kế API cho các phân hệ sản phẩm, đơn hàng, khách hàng | C55: =WBS!E49 -> 46218 | D55: =WBS!F49 -> 46224 | E55: =WBS!D49 -> SA
A56: =#REF! -> #REF! | B56: =#REF! -> #REF! | C56: =#REF! -> #REF! | D56: =#REF! -> #REF! | E56: =#REF! -> #REF!
A57: =#REF! -> #REF! | B57: =#REF! -> #REF! | C57: =#REF! -> #REF! | D57: =#REF! -> #REF! | E57: =#REF! -> #REF!
A58: =WBS!A50 -> 3.5 | B58: =WBS!B50 -> Thiết kế chi tiết (LLD) | C58: =WBS!E50 -> 46218 | D58: =WBS!F50 -> 46230 | E58: =WBS!D50 -> DEV
A59: =WBS!A51 -> 3.5.1 | B59: =WBS!B51 -> LLD – Quản lý sản phẩm | C59: =WBS!E51 -> 46218 | D59: =WBS!F51 -> 46225 | E59: =WBS!D51 -> DEV
A60: =WBS!A52 -> 3.5.2 | B60: =WBS!B52 -> LLD – Quản lý đơn hàng & thanh toán | C60: =WBS!E52 -> 46218 | D60: =WBS!F52 -> 46230 | E60: =WBS!D52 -> DEV
A61: =WBS!A53 -> 3.5.3 | B61: =WBS!B53 -> LLD – Quản lý khách hàng | C61: =WBS!E53 -> 46218 | D61: =WBS!F53 -> 46225 | E61: =WBS!D53 -> DEV
A62: =#REF! -> #REF! | B62: =#REF! -> #REF! | C62: =#REF! -> #REF! | D62: =#REF! -> #REF! | E62: =#REF! -> #REF!
A63: =WBS!A54 -> 3.5.5 | B63: =WBS!B54 -> LLD – Tích hợp hệ thống | C63: =WBS!E54 -> 46224 | D63: =WBS!F54 -> 46226 | E63: =WBS!D54 -> DEV
A64: =WBS!A55 -> 3.6 | B64: =WBS!B55 -> Rà soát & phê duyệt thiết kế | C64: =WBS!E55 -> 46224 | D64: =WBS!F55 -> 46234 | E64: =WBS!D55 -> SA
A65: =WBS!A56 -> 3.6.1 | B65: =WBS!B56 -> Rà soát thiết kế | C65: =WBS!E56 -> 46224 | D65: =WBS!F56 -> 46232 | E65: =WBS!D56 -> SA
A66: =#REF! -> #REF! | B66: =#REF! -> #REF! | C66: =#REF! -> #REF! | D66: =#REF! -> #REF! | E66: =#REF! -> #REF!
A67: =WBS!A57 -> 3.6.2 | B67: =WBS!B57 -> Phê duyệt bộ tài liệu thiết kế (M2) | C67: =WBS!E57 -> 46234 | D67: =WBS!F57 -> 46234 | E67: =WBS!D57 -> PM
A68: =WBS!A58 -> 4 | B68: =WBS!B58 -> Xây dựng, Phát triển hệ thống | C68: =WBS!E58 -> 46237 | D68: =WBS!F58 -> 46276 | E68: =WBS!D58 -> DEV
A69: =WBS!A59 -> 4.1 | B69: =WBS!B59 -> Môi trường & khung ứng dụng | C69: =WBS!E59 -> 46237 | D69: =WBS!F59 -> 46252 | E69: =WBS!D59 -> OPS
A70: =WBS!A60 -> 4.1.1 | B70: =WBS!B60 -> Thiết lập môi trường DEV & SIT | C70: =WBS!E60 -> 46237 | D70: =WBS!F60 -> 46239 | E70: =WBS!D60 -> OPS
A71: =WBS!A61 -> 4.1.2 | B71: =WBS!B61 -> Thiết lập môi trường UAT | C71: =WBS!E61 -> 46240 | D71: =WBS!F61 -> 46241 | E71: =WBS!D61 -> OPS
A72: =WBS!A62 -> 4.1.3 | B72: =WBS!B62 -> Thiết lập môi trường PROD (cân bằng tải, CDN, WAF) | C72: =WBS!E62 -> 46246 | D72: =WBS!F62 -> 46251 | E72: =WBS!D62 -> OPS
A73: =WBS!A63 -> 4.1.4 | B73: =WBS!B63 -> Thiết lập pipeline CI/CD | C73: =WBS!E63 -> 46239 | D73: =WBS!F63 -> 46244 | E73: =WBS!D63 -> OPS
A74: =WBS!A64 -> 4.1.5 | B74: =WBS!B64 -> Cấu hình giám sát, cảnh báo & sao lưu | C74: =WBS!E64 -> 46246 | D74: =WBS!F64 -> 46251 | E74: =WBS!D64 -> OPS
A75: =WBS!A65 -> 4.1.6 | B75: =WBS!B65 -> Xây dựng khung ứng dụng & thư viện dùng chung Front-end | C75: =WBS!E65 -> 46245 | D75: =WBS!F65 -> 46248 | E75: =WBS!D65 -> DEV
A76: =WBS!A66 -> 4.1.7 | B76: =WBS!B66 -> Xây dựng thành phần dùng chung Back-end (log, cấu hình, xử lý lỗi, bảo mật) | C76: =WBS!E66 -> 46245 | D76: =WBS!F66 -> 46248 | E76: =WBS!D66 -> DEV
A77: =WBS!A67 -> 4.1.8 | B77: =WBS!B67 -> Hiện thực DB (DDL, chỉ mục, phân quyền) | C77: =WBS!E67 -> 46247 | D77: =WBS!F67 -> 46252 | E77: =WBS!D67 -> DEV
A78: =#REF! -> #REF! | B78: =#REF! -> #REF! | C78: =#REF! -> #REF! | D78: =#REF! -> #REF! | E78: =#REF! -> #REF!
A79: =WBS!A68 -> 4.2 | B79: =WBS!B68 -> Chức năng Quản lý khách hàng | C79: =WBS!E68 -> 46248 | D79: =WBS!F68 -> 46254 | E79: =WBS!D68 -> DEV
A80: =WBS!A69 -> 4.2.1 | B80: =WBS!B69 -> Đăng ký tài khoản | C80: =WBS!E69 -> 46248 | D80: =WBS!F69 -> 46253 | E80: =WBS!D69 -> DEV
A81: =WBS!A70 -> 4.2.1.1 | B81: =WBS!B70 -> Xây dựng UI đăng ký tài khoản | C81: =WBS!E70 -> 46248 | D81: =WBS!F70 -> 46253 | E81: =WBS!D70 -> DEV
A82: =WBS!A71 -> 4.2.1.2 | B82: =WBS!B71 -> Xây dựng API đăng ký & xác thực OTP | C82: =WBS!E71 -> 46248 | D82: =WBS!F71 -> 46248 | E82: =WBS!D71 -> DEV
A83: =WBS!A72 -> 4.2.1.3 | B83: =WBS!B72 -> Tích hợp UI – API đăng ký | C83: =WBS!E72 -> 46252 | D83: =WBS!F72 -> 46252 | E83: =WBS!D72 -> DEV
A84: =WBS!A73 -> 4.2.1.4 | B84: =WBS!B73 -> Kiểm thử đơn vị chức năng đăng ký | C84: =WBS!E73 -> 46253 | D84: =WBS!F73 -> 46253 | E84: =WBS!D73 -> DEV
A85: =WBS!A74 -> 4.2.2 | B85: =WBS!B74 -> Đăng nhập & quản lý phiên | C85: =WBS!E74 -> 46248 | D85: =WBS!F74 -> 46253 | E85: =WBS!D74 -> DEV
A86: =WBS!A75 -> 4.2.2.1 | B86: =WBS!B75 -> Xây dựng UI đăng nhập / đăng xuất | C86: =WBS!E75 -> 46248 | D86: =WBS!F75 -> 46248 | E86: =WBS!D75 -> DEV
A87: =WBS!A76 -> 4.2.2.2 | B87: =WBS!B76 -> Xây dựng API đăng nhập, refresh token | C87: =WBS!E76 -> 46248 | D87: =WBS!F76 -> 46248 | E87: =WBS!D76 -> DEV
A88: =WBS!A77 -> 4.2.2.3 | B88: =WBS!B77 -> Xử lý ngoại lệ 401/403 & khóa tài khoản khi đăng nhập sai nhiều lần | C88: =WBS!E77 -> 46252 | D88: =WBS!F77 -> 46252 | E88: =WBS!D77 -> DEV
A89: =WBS!A78 -> 4.2.2.4 | B89: =WBS!B78 -> Tích hợp & kiểm thử đơn vị chức năng đăng nhập | C89: =WBS!E78 -> 46253 | D89: =WBS!F78 -> 46253 | E89: =WBS!D78 -> DEV
A90: =WBS!A79 -> 4.2.3 | B90: =WBS!B79 -> Quên mật khẩu & đổi mật khẩu | C90: =WBS!E79 -> 46248 | D90: =WBS!F79 -> 46252 | E90: =WBS!D79 -> DEV
... A101: =WBS!A90 -> 4.2.5.3 | B101: =WBS!B90 -> Tích hợp & kiểm thử đơn vị | C101: =WBS!E90 -> 46254 | D101: =WBS!F90 -> 46254 | E101: =WBS!D90 -> DEV
A102: =#REF! -> #REF! | B102: =#REF! -> #REF! | C102: =#REF! -> #REF! | D102: =#REF! -> #REF! | E102: =#REF! -> #REF!
A103: =#REF! -> #REF! | B103: =#REF! -> #REF! | C103: =#REF! -> #REF! | D103: =#REF! -> #REF! | E103: =#REF! -> #REF!
A104: =#REF! -> #REF! | B104: =#REF! -> #REF! | C104: =#REF! -> #REF! | D104: =#REF! -> #REF! | E104: =#REF! -> #REF!
A105: =#REF! -> #REF! | B105: =#REF! -> #REF! | C105: =#REF! -> #REF! | D105: =#REF! -> #REF! | E105: =#REF! -> #REF!
A106: =#REF! -> #REF! | B106: =#REF! -> #REF! | C106: =#REF! -> #REF! | D106: =#REF! -> #REF! | E106: =#REF! -> #REF!
A107: =WBS!A91 -> 4.3 | B107: =WBS!B91 -> Chức năng Quản lý sản phẩm | C107: =WBS!E91 -> 46248 | D107: =WBS!F91 -> 46254 | E107: =WBS!D91 -> DEV
A108: =WBS!A92 -> 4.3.1 | B108: =WBS!B92 -> Tìm kiếm sản phẩm | C108: =WBS!E92 -> 46248 | D108: =WBS!F92 -> 46254 | E108: =WBS!D92 -> DEV
A109: =WBS!A93 -> 4.3.1.1 | B109: =WBS!B93 -> Xây dựng UI tìm kiếm & gợi ý từ khóa | C109: =WBS!E93 -> 46248 | D109: =WBS!F93 -> 46251 | E109: =WBS!D93 -> DEV
A110: =WBS!A94 -> 4.3.1.2 | B110: =WBS!B94 -> Xây dựng API tìm kiếm | C110: =WBS!E94 -> 46248 | D110: =WBS!F94 -> 46251 | E110: =WBS!D94 -> DEV
A111: =WBS!A95 -> 4.3.1.3 | B111: =WBS!B95 -> Tích hợp API tìm kiếm | C111: =WBS!E95 -> 46253 | D111: =WBS!F95 -> 46253 | E111: =WBS!D95 -> DEV
A112: =WBS!A96 -> 4.3.1.4 | B112: =WBS!B96 -> Kiểm thử đơn vị chức năng tìm kiếm | C112: =WBS!E96 -> 46254 | D112: =WBS!F96 -> 46254 | E112: =WBS!D96 -> DEV
A113: =WBS!A97 -> 4.3.2 | B113: =WBS!B97 -> Danh mục & bộ lọc sản phẩm | C113: =WBS!E97 -> 46248 | D113: =WBS!F97 -> 46253 | E113: =WBS!D97 -> DEV
A114: =WBS!A98 -> 4.3.2.1 | B114: =WBS!B98 -> Xây dựng UI danh mục, bộ lọc (size, màu, giá), sắp xếp | C114: =WBS!E98 -> 46248 | D114: =WBS!F98 -> 46248 | E114: =WBS!D98 -> DEV
A115: =WBS!A99 -> 4.3.2.2 | B115: =WBS!B99 -> Xây dựng API danh mục & lọc sản phẩm | C115: =WBS!E99 -> 46252 | D115: =WBS!F99 -> 46253 | E115: =WBS!D99 -> DEV
A116: =WBS!A100 -> 4.3.2.3 | B116: =WBS!B100 -> Tích hợp & kiểm thử đơn vị | C116: =WBS!E100 -> 46253 | D116: =WBS!F100 -> 46253 | E116: =WBS!D100 -> DEV
A117: =WBS!A101 -> 4.3.3 | B117: =WBS!B101 -> Chi tiết sản phẩm & hiển thị tồn kho | C117: =WBS!E101 -> 46248 | D117: =WBS!F101 -> 46253 | E117: =WBS!D101 -> DEV
A118: =WBS!A102 -> 4.3.3.1 | B118: =WBS!B102 -> Xây dựng UI chi tiết sản phẩm (ảnh, bảng size, khuyến mại) | C118: =WBS!E102 -> 46248 | D118: =WBS!F102 -> 46248 | E118: =WBS!D102 -> DEV
... A123: =WBS!A107 -> 4.3.4.2 | B123: =WBS!B107 -> Xây dựng trang chính sách (đổi trả, vận chuyển, bảo mật) | C123: =WBS!E107 -> 46254 | D123: =WBS!F107 -> 46254 | E123: =WBS!D107 -> DEV
A124: =#REF! -> #REF! | B124: =#REF! -> #REF! | C124: =#REF! -> #REF! | D124: =#REF! -> #REF! | E124: =#REF! -> #REF!
A125: =#REF! -> #REF! | B125: =#REF! -> #REF! | C125: =#REF! -> #REF! | D125: =#REF! -> #REF! | E125: =#REF! -> #REF!
A126: =WBS!A108 -> 4.4 | B126: =WBS!B108 -> Chức năng Quản lý đơn hàng & thanh toán | C126: =WBS!E108 -> 46252 | D126: =WBS!F108 -> 46262 | E126: =WBS!D108 -> DEV
A127: =WBS!A109 -> 4.4.1 | B127: =WBS!B109 -> Giỏ hàng | C127: =WBS!E109 -> 46252 | D127: =WBS!F109 -> 46255 | E127: =WBS!D109 -> DEV
A128: =WBS!A110 -> 4.4.1.1 | B128: =WBS!B110 -> Xây dựng UI giỏ hàng & chi tiết giỏ hàng | C128: =WBS!E110 -> 46252 | D128: =WBS!F110 -> 46252 | E128: =WBS!D110 -> DEV
A129: =WBS!A111 -> 4.4.1.2 | B129: =WBS!B111 -> Xây dựng API giỏ hàng (thêm, sửa, xóa, lưu giỏ cho thành viên) | C129: =WBS!E111 -> 46252 | D129: =WBS!F111 -> 46252 | E129: =WBS!D111 -> DEV
...
